,ID,Year,Country,Fatal
3398,1970.03.23,1970,USA,N
3377,1970.12.03,1970,USA,N
3379,1970.10.24,1970,USA,N
3380,1970.10.00,1970,USA,N
3389,1970.06.22,1970,USA,N
3385,1970.09.00.c,1970,USA,N
3386,1970.09.00.a,1970,USA,N
3383,1970.09.05,1970,USA,N
3360,1971.07.19,1971,USA,N
3359,1971.07.26,1971,USA,N
3355,1971.09.25,1971,USA,N
3354,1971.10.02,1971,USA,N
3352,1971.10.23,1971,USA,N
3321,1972.10.14.b,1972,USA,Y
3322,1972.10.14.a,1972,USA,N
3326,1972.08.29,1972,USA,N
3324,1972.09.09,1972,USA,N
3332,1972.06.10,1972,USA,N
3333,1972.05.28,1972,USA,N
3339,1972.03.16,1972,USA,N
3327,1972.08.17,1972,USA,N
3308,1973.01.09,1973,USA,N
3300,1973.08.16,1973,USA,N
3291,1973.11.24,1973,USA,N
3288,1973.12.18,1973,USA,N
3253,1974.09.02.a,1974,USA,N
3248,1974.11.01,1974,USA,N
3249,1974.09.28,1974,USA,N
3250,1974.09.14,1974,USA,N
3252,1974.09.02.b,1974,USA,N
3255,1974.09.00,1974,USA,N
3266,1974.05.26,1974,USA,N
3262,1974.07.26,1974,USA,N
3263,1974.07.20,1974,USA,Y
3264,1974.07.02,1974,USA,Y
3265,1974.06.20,1974,USA,N
3270,1974.04.12,1974,USA,N
3261,1974.08.05,1974,USA,N
3218,1975.07.19,1975,USA,N
3199,1975.12.06,1975,USA,N
3204,1975.11.02,1975,USA,N
3211,1975.08.09,1975,USA,N
3213,1975.07.30.b,1975,USA,Y
3215,1975.07.26.b,1975,USA,N
3217,1975.07.23,1975,USA,N
3219,1975.07.15,1975,USA,N
3210,1975.08.12,1975,USA,N
3222,1975.06.23.b,1975,USA,N
3228,1975.05.20,1975,USA,N
3227,1975.05.25,1975,USA,N
3234,1975.03.16,1975,USA,N
3221,1975.07.04,1975,USA,N
3225,1975.06.02.R,1975,USA,N
3224,1975.06.15,1975,USA,N
3223,1975.06.23.a,1975,USA,N
3226,1975.06.00.c,1975,USA,N
3175,1976.08.26,1976,USA,N
3160,1976.12.18,1976,USA,N
3163,1976.11.25,1976,USA,N
3167,1976.10.18,1976,USA,N
3172,1976.09.12.b,1976,USA,Y
3173,1976.09.12.a,1976,USA,Y
3174,1976.09.06,1976,USA,N
3176,1976.08.24,1976,USA,N
3179,1976.07.16,1976,USA,Y
3178,1976.07.21,1976,USA,N
3180,1976.07.12,1976,USA,N
3181,1976.06.23,1976,USA,N
3182,1976.06.10,1976,USA,N
3187,1976.03.12.b,1976,USA,N
3195,1976.01.08,1976,USA,N
3197,1976.00.00.b,1976,USA,Y
3177,1976.07.24,1976,USA,N
3134,1977.12.19.b,1977,USA,N
3133,1977.12.31,1977,USA,N
3142,1977.08.14,1977,USA,N
3146,1977.06.06,1977,USA,N
3145,1977.06.26,1977,USA,N
3150,1977.04.21,1977,USA,N
3144,1977.07.02,1977,USA,N
3131,1978.00.00.b,1978,USA,N
3121,1978.06.21.a,1978,USA,N
3120,1978.06.21.b,1978,USA,N
3119,1978.07.19,1978,USA,N
3118,1978.07.27,1978,USA,N
3117,1978.08.01.R,1978,USA,N
3116,1978.08.05,1978,USA,N
3111,1978.11.23,1978,USA,N
3110,1978.11.26,1978,USA,N
3086,1979.11.27,1979,USA,N
3092,1979.08.05,1979,USA,N
3094,1979.06.19,1979,USA,N
3107,1979.00.00,1979,USA,Y
3101,1979.04.08.a,1979,USA,N
3102,1979.03.24,1979,USA,N
3103,1979.03.11,1979,USA,N
3100,1979.04.08.b,1979,USA,N
3057,1980.08.10,1980,USA,N
3054,1980.10.27,1980,USA,N
3055,1980.10.17,1980,USA,N
3058,1980.08.04,1980,USA,N
3061,1980.07.23,1980,USA,N
3062,1980.07.00,1980,USA,N
3063,1980.07.00x,1980,USA,N
3060,1980.07.27,1980,USA,N
3064,1980.06.26,1980,USA,N
3012,1981.09.03.b,1981,USA,N
2999,1981.12.19,1981,USA,Y
3001,1981.12.13.a,1981,USA,N
3004,1981.11.09,1981,USA,N
3005,1981.10.19.a,1981,USA,N
3007,1981.10.16,1981,USA,N
3008,1981.10.01,1981,USA,N
3009,1981.09.28,1981,USA,N
3010,1981.09.27,1981,USA,N
3011,1981.09.15,1981,USA,Y
3013,1981.09.03.a,1981,USA,N
3014,1981.08.29,1981,USA,N
3017,1981.08.10.b,1981,USA,N
3018,1981.08.10.a,1981,USA,Y
3020,1981.07.20,1981,USA,N
3022,1981.07.07,1981,USA,N
3026,1981.05.24,1981,USA,Y
3029,1981.05.19,1981,USA,N
3030,1981.05.16,1981,USA,N
3035,1981.03.25,1981,USA,N
3036,1981.03.24,1981,USA,N
3042,1981.02.02,1981,USA,N
3044,1981.01.30,1981,USA,N
3015,1981.08.24.b,1981,USA,N
2973,1982.07.24.a,1982,USA,N
2965,1982.09.19,1982,USA,N
2964,1982.09.25,1982,USA,N
2960,1982.10.13,1982,USA,N
2959,1982.11.00,1982,USA,N
2974,1982.07.19,1982,USA,N
2963,1982.09.27,1982,USA,N
2976,1982.07.01,1982,USA,N
2994,1982.02.07..b,1982,USA,Y
2981,1982.06.25,1982,USA,N
2982,1982.06.13,1982,USA,N
2984,1982.03.10,1982,USA,N
2988,1982.02.27,1982,USA,N
2990,1982.02.14.b,1982,USA,N
2991,1982.02.14.a,1982,USA,N
2992,1982.02.13,1982,USA,Y
2993,1982.02.07.a,1982,USA,N
2979,1982.06.26.b,1982,USA,N
2924,1983.08.13.b,1983,USA,N
2923,1983.08.15,1983,USA,N
2921,1983.08.20.b,1983,USA,N
2920,1983.09.04,1983,USA,N
2910,1983.12.25,1983,USA,N
2918,1983.10.17.a,1983,USA,N
2916,1983.11.10.R,1983,USA,N
2925,1983.08.13.a,1983,USA,N
2919,1983.10.13,1983,USA,N
2926,1983.08.06,1983,USA,N
2958,1983.00.00.b,1983,USA,N
2933,1983.07.05,1983,USA,N
2931,1983.07.12.b,1983,USA,N
2949,1983.03.10,1983,USA,N
2945,1983.04.02.b,1983,USA,N
2942,1983.05.21,1983,USA,N
2952,1983.01.24,1983,USA,N
2940,1983.05.31,1983,USA,N
2936,1983.06.20,1983,USA,N
2934,1983.06.29,1983,USA,N
2941,1983.05.24,1983,USA,N
2879,1984.09.23,1984,USA,N
2871,1984.11.11,1984,USA,N
2872,1984.11.04,1984,USA,N
2874,1984.10.21,1984,USA,N
2876,1984.10.14.a,1984,USA,N
2877,1984.09.30.b,1984,USA,N
2878,1984.09.30.a,1984,USA,N
2880,1984.09.22.b,1984,USA,N
2888,1984.07.24.b,1984,USA,N
2883,1984.09.17,1984,USA,N
2884,1984.09.15,1984,USA,Y
2889,1984.07.24.a,1984,USA,N
2891,1984.07.01,1984,USA,N
2894,1984.06.03.b,1984,USA,N
2907,1984.00.00.b,1984,USA,N
2908,1984.00.00.a,1984,USA,N
2881,1984.09.22.a,1984,USA,N
2840,1985.10.12,1985,USA,N
2839,1985.10.18,1985,USA,N
2838,1985.10.22,1985,USA,N
2841,1985.10.05,1985,USA,N
2835,1985.11.05,1985,USA,N
2833,1985.12.10,1985,USA,N
2836,1985.11.03,1985,USA,N
2842,1985.09.28,1985,USA,N
2856,1985.03.16,1985,USA,N
2846,1985.08.22,1985,USA,N
2849,1985.07.25.b,1985,USA,N
2850,1985.07.25.a,1985,USA,N
2851,1985.07.21,1985,USA,N
2852,1985.07.19,1985,USA,N
2854,1985.05.26,1985,USA,N
2858,1985.02.18,1985,USA,N
2859,1985.02.03,1985,USA,N
2844,1985.09.08.a,1985,USA,N
2795,1986.12.11,1986,USA,N
2797,1986.12.06.a,1986,USA,N
2800,1986.11.30,1986,USA,N
2801,1986.11.19,1986,USA,N
2802,1986.11.04,1986,USA,N
2804,1986.10.03,1986,USA,N
2809,1986.09.00.b,1986,USA,N
2810,1986.09.00.a,1986,USA,N
2811,1986.08.19,1986,USA,N
2816,1986.07.09,1986,USA,N
2820,1986.04.20,1986,USA,Y
2830,1986.01.12,1986,USA,N
2831,1986.00.00,1986,USA,N
2807,1986.10.00,1986,USA,N
2771,1987.07.21,1987,USA,N
2759,1987.12.17,1987,USA,N
2761,1987.11.21,1987,USA,N
2763,1987.10.26,1987,USA,N
2769,1987.08.20,1987,USA,N
2770,1987.08.15,1987,USA,N
2772,1987.07.12.b,1987,USA,N
2782,1987.04.18,1987,USA,N
2774,1987.07.11,1987,USA,N
2777,1987.06.13,1987,USA,N
2778,1987.05.25,1987,USA,N
2779,1987.05.08,1987,USA,N
2783,1987.04.15,1987,USA,Y
2787,1987.02.28,1987,USA,N
2773,1987.07.12.a,1987,USA,N
2720,1988.08.11,1988,USA,N
2717,1988.08.22.b,1988,USA,N
2716,1988.09.13.a,1988,USA,Y
2715,1988.09.13.b,1988,USA,N
2714,1988.09.28,1988,USA,N
2710,1988.10.11,1988,USA,N
2711,1988.10.10,1988,USA,N
2709,1988.10.14,1988,USA,N
2707,1988.10.23,1988,USA,N
2724,1988.07.11,1988,USA,N
2713,1988.10.00,1988,USA,N
2725,1988.07.04.b,1988,USA,N
2734,1988.05.10,1988,USA,N
2730,1988.06.09,1988,USA,N
2729,1988.06.16,1988,USA,N
2743,1988.03.31,1988,USA,N
2741,1988.04.14.a,1988,USA,N
2740,1988.04.14.b,1988,USA,N
2738,1988.04.15a,1988,USA,N
2744,1988.03.25,1988,USA,N
2735,1988.05.04,1988,USA,N
2754,1988.01.14,1988,USA,N
2732,1988.06.01,1988,USA,N
2731,1988.06.05,1988,USA,N
2737,1988.04.24,1988,USA,N
2649,1989.12.19,1989,USA,N
2659,1989.10.11,1989,USA,N
2663,1989.09.13,1989,USA,N
2664,1989.09.10,1989,USA,N
2665,1989.09.09.b,1989,USA,N
2666,1989.09.09.a,1989,USA,N
2667,1989.09.03,1989,USA,N
2669,1989.08.22.b,1989,USA,N
2677,1989.07.14,1989,USA,N
2678,1989.07.07,1989,USA,N
2680,1989.06.17,1989,USA,N
2685,1989.04.23,1989,USA,N
2679,1989.06.29,1989,USA,N
2699,1989.01.08,1989,USA,Y
2697,1989.01.20.b,1989,USA,N
2696,1989.01.26.a,1989,USA,Y
2702,1989.00.00.a,1989,USA,N
2688,1989.04.03,1989,USA,N
2687,1989.04.09,1989,USA,N
2686,1989.04.12,1989,USA,N
2689,1989.04.00,1989,USA,N
2613,1990.11.03,1990,USA,N
2614,1990.11.01,1990,USA,N
2615,1990.10.30.b,1990,USA,N
2616,1990.10.30.a,1990,USA,N
2621,1990.10.12,1990,USA,N
2619,1990.10.20,1990,USA,N
2620,1990.10.15,1990,USA,N
2623,1990.09.08,1990,USA,N
2630,1990.07.08,1990,USA,N
2626,1990.08.28,1990,USA,N
2647,1990.01.12,1990,USA,N
2646,1990.02.05,1990,USA,N
2645,1990.02.17,1990,USA,Y
2624,1990.09.05,1990,USA,N
2629,1990.07.22,1990,USA,N
2628,1990.08.19.a,1990,USA,N
2627,1990.08.19.b,1990,USA,N
2642,1990.04.01,1990,USA,N
2573,1991.12.04,1991,USA,N
2586,1991.08.09,1991,USA,N
2575,1991.11.26.a,1991,USA,N
2576,1991.11.19,1991,USA,Y
2577,1991.11.14,1991,USA,N
2579,1991.10.12,1991,USA,N
2580,1991.10.05,1991,USA,N
2584,1991.08.26,1991,USA,N
2585,1991.08.12,1991,USA,N
2574,1991.11.26.b,1991,USA,Y
2588,1991.07.27,1991,USA,N
2590,1991.07.07,1991,USA,N
2589,1991.07.18,1991,USA,N
2604,1991.04.03,1991,USA,N
2603,1991.04.16.a,1991,USA,N
2602,1991.04.16.b,1991,USA,N
2606,1991.02.24,1991,USA,N
2597,1991.06.07.b,1991,USA,N
2596,1991.06.26,1991,USA,N
2593,1991.07.00,1991,USA,N
2592,1991.07.01.a,1991,USA,N
2599,1991.05.26,1991,USA,N
2517,1992.12.28,1992,USA,N
2518,1992.12.23,1992,USA,N
2519,1992.11.29,1992,USA,N
2520,1992.11.25.a,1992,USA,N
2521,1992.11.23,1992,USA,N
2522,1992.11.14,1992,USA,N
2524,1992.11.11,1992,USA,N
2525,1992.11.05.b,1992,USA,N
2527,1992.10.29,1992,USA,N
2526,1992.11.05.a,1992,USA,Y
2533,1992.09.13,1992,USA,N
2562,1992.02.19,1992,USA,Y
2561,1992.03.08.a,1992,USA,N
2557,1992.03.28,1992,USA,N
2544,1992.07.21,1992,USA,N
2528,1992.10.22,1992,USA,N
2540,1992.08.18,1992,USA,N
2536,1992.09.00,1992,USA,N
2534,1992.09.11,1992,USA,N
2541,1992.08.17,1992,USA,N
2478,1993.08.19.R,1993,USA,N
2462,1993.11.28,1993,USA,N
2464,1993.11.12,1993,USA,N
2466,1993.10.30,1993,USA,N
2467,1993.10.26,1993,USA,N
2468,1993.10.10,1993,USA,N
2469,1993.10.00,1993,USA,N
2474,1993.09.14,1993,USA,N
2475,1993.09.09,1993,USA,N
2461,1993.12.00,1993,USA,Y
2479,1993.08.19,1993,USA,N
2481,1993.08.15.a,1993,USA,N
2483,1993.08.12,1993,USA,N
2487,1993.07.07,1993,USA,N
2492,1993.06.10,1993,USA,N
2496,1993.06.00,1993,USA,N
2501,1993.03.22,1993,USA,N
2503,1993.03.14,1993,USA,N
2504,1993.03.12,1993,USA,N
2512,1993.01.02,1993,USA,N
2516,1993.00.00.a,1993,USA,N
2480,1993.08.15.b,1993,USA,N
2422,1994.09.11.R,1994,USA,Y
2421,1994.09.21,1994,USA,N
2420,1994.09.26,1994,USA,N
2419,1994.10.05,1994,USA,N
2406,1994.12.18,1994,USA,N
2415,1994.11.06.a,1994,USA,N
2414,1994.11.13,1994,USA,N
2411,1994.12.09.a,1994,USA,Y
2418,1994.10.08,1994,USA,N
2431,1994.07.08.a,1994,USA,N
2423,1994.09.05,1994,USA,N
2434,1994.05.31.a,1994,USA,N
2460,1994.00.00.a,1994,USA,N
2454,1994.01.31.a,1994,USA,Y
2450,1994.02.13,1994,USA,N
2449,1994.02.19,1994,USA,N
2446,1994.03.07,1994,USA,N
2433,1994.05.31.b,1994,USA,N
2438,1994.05.15,1994,USA,N
2437,1994.05.23,1994,USA,N
2436,1994.05.24,1994,USA,N
2435,1994.05.28,1994,USA,N
2442,1994.04.03,1994,USA,N
2355,1995.08.21,1995,USA,N
2354,1995.08.22.a,1995,USA,N
2353,1995.08.22.c,1995,USA,N
2352,1995.08.25,1995,USA,N
2351,1995.08.26.a,1995,USA,N
2350,1995.08.26/b,1995,USA,N
2348,1995.08.31.a,1995,USA,N
2347,1995.08.31.b,1995,USA,N
2341,1995.09.17,1995,USA,N
2343,1995.09.13,1995,USA,Y
2357,1995.08.15,1995,USA,N
2340,1995.09.19.,1995,USA,N
2339,1995.09.28,1995,USA,N
2337,1995.09.30.b,1995,USA,N
2336,1995.10.01,1995,USA,N
2334,1995.10.21,1995,USA,N
2333,1995.10.28.R,1995,USA,N
2345,1995.09.03.b,1995,USA,N
2359,1995.08.10.b,1995,USA,N
2338,1995.09.30.a,1995,USA,N
2361,1995.08.07,1995,USA,N
2360,1995.08.10.a,1995,USA,N
2386,1995.05.26,1995,USA,N
2382,1995.06.14,1995,USA,N
2381,1995.06.16,1995,USA,N
2380,1995.06.17.a,1995,USA,N
2379,1995.06.17.b,1995,USA,N
2378,1995.06.23,1995,USA,N
2377,1995.06.24,1995,USA,N
2376,1995.06.30,1995,USA,N
2391,1995.04.13,1995,USA,N
2374,1995.07.03,1995,USA,N
2373,1995.07.06,1995,USA,N
2370,1995.07.23,1995,USA,N
2369,1995.07.24,1995,USA,N
2368,1995.07.28.a,1995,USA,N
2367,1995.07.28.b,1995,USA,N
2366,1995.07.28.c,1995,USA,N
2365,1995.07.28.d,1995,USA,N
2364,1995.07.28.e,1995,USA,N
2375,1995.07.00,1995,USA,N
2284,1996.09.02.a,1996,USA,N
2283,1996.09.02.b,1996,USA,N
2282,1996.09.06.a,1996,USA,N
2280,1996.09.18,1996,USA,N
2272,1996.11.18,1996,USA,N
2277,1996.10.03.b,1996,USA,N
2276,1996.10.05.,1996,USA,N
2271,1996.11.29.a,1996,USA,N
2287,1996.08.29,1996,USA,N
2278,1996.10.03.a,1996,USA,N
2288,1996.08.13,1996,USA,N
2296,1996.07.10,1996,USA,N
2290,1996.07.26,1996,USA,N
2289,1996.08.11,1996,USA,N
2327,1996.00.00.a,1996,USA,N
2322,1996.01.16,1996,USA,N
2314,1996.02.19.R,1996,USA,N
2306,1996.05.07,1996,USA,N
2320,1996.01.23,1996,USA,N
2299,1996.06.25,1996,USA,N
2297,1996.07.04.b,1996,USA,N
2294,1996.07.20,1996,USA,N
2293,1996.07.21,1996,USA,N
2304,1996.05.18,1996,USA,N
2225,1997.09.08,1997,USA,N
2228,1997.08.27,1997,USA,N
2227,1997.08.30,1997,USA,N
2226,1997.09.06,1997,USA,N
2224,1997.09.09,1997,USA,N
2213,1997.12.25.a,1997,USA,N
2220,1997.10.21,1997,USA,N
2219,1997.10.24,1997,USA,N
2218,1997.10.28.a,1997,USA,N
2215,1997.11.05.R,1997,USA,N
2229,1997.08.24,1997,USA,N
2232,1997.08.11.c,1997,USA,N
2222,1997.10.04,1997,USA,N
2236,1997.08.09,1997,USA,N
2254,1997.05.31.a,1997,USA,N
2253,1997.05.31.b,1997,USA,N
2252,1997.05.31.c,1997,USA,N
2251,1997.06.02,1997,USA,N
2249,1997.06.09,1997,USA,N
2235,1997.08.10,1997,USA,N
2244,1997.07.14,1997,USA,N
2240,1997.08.02.a,1997,USA,N
2239,1997.08.02.b,1997,USA,N
2238,1997.08.04,1997,USA,N
2237,1997.08.05,1997,USA,N
2247,1997.06.24,1997,USA,N
2163,1998.09.22,1998,USA,N
2162,1998.09.27,1998,USA,N
2161,1998.10.01.a,1998,USA,N
2158,1998.10.10,1998,USA,N
2156,1998.10.24,1998,USA,N
2151,1998.11.14,1998,USA,N
2152,1998.11.11,1998,USA,N
2150,1998.11.21,1998,USA,Y
2145,1998.12.24,1998,USA,N
2167,1998.08.30,1998,USA,N
2153,1998.11.05,1998,USA,N
2169,1998.08.26,1998,USA,N
2165,1998.09.14,1998,USA,N
2172,1998.08.13,1998,USA,N
2170,1998.08.23.R,1998,USA,N
2200,1998.02.23,1998,USA,N
2199,1998.03.08.a,1998,USA,N
2209,1998.00.00.a,1998,USA,N
2194,1998.04.17,1998,USA,N
2193,1998.04.21,1998,USA,N
2197,1998.03.31,1998,USA,N
2189,1998.05.16.c,1998,USA,N
2188,1998.05.25,1998,USA,N
2183,1998.06.08,1998,USA,N
2177,1998.07.25,1998,USA,N
2190,1998.05.16.b,1998,USA,N
2102,1999.09.05,1999,USA,N
2101,1999.09.10,1999,USA,N
2103,1999.09.04.b,1999,USA,N
2100,1999.09.16,1999,USA,N
2099,1999.09.18,1999,USA,N
2097,1999.09.29,1999,USA,N
2087,1999.11.23,1999,USA,N
2095,1999.10.20,1999,USA,N
2094,1999.10.30.a,1999,USA,N
2093,1999.10.30.b,1999,USA,N
2088,1999.11.15,1999,USA,N
2086,1999.11.30,1999,USA,N
2085,1999.12.02,1999,USA,N
2104,1999.09.04.a,1999,USA,N
2096,1999.10.01,1999,USA,N
2105,1999.08.26,1999,USA,N
2119,1999.06.19,1999,USA,N
2108,1999.08.21,1999,USA,N
2106,1999.08.24,1999,USA,N
2137,1999.02.03,1999,USA,N
2135,1999.02.26.R,1999,USA,N
2133,1999.03.08,1999,USA,N
2130,1999.03.18.a,1999,USA,Y
2127,1999.04.01,1999,USA,N
2122,1999.06.09,1999,USA,N
2134,1999.03.05,1999,USA,N
2120,1999.06.17,1999,USA,N
2117,1999.07.04,1999,USA,N
2116,1999.07.06,1999,USA,N
2114,1999.07.21,1999,USA,N
2113,1999.07.26,1999,USA,N
2110,1999.08.05.a,1999,USA,N
2121,1999.06.12,1999,USA,N
2109,1999.08.16,1999,USA,N
2012,2000.09.10.b,2000,USA,N
2015,2000.09.08.b,2000,USA,N
2018,2000.08.31,2000,USA,N
2019,2000.08.30,2000,USA,Y
2022,2000.08.15,2000,USA,N
2021,2000.08.21,2000,USA,N
2023,2000.08.13,2000,USA,N
2011,2000.09.11,2000,USA,N
2020,2000.08.27.R,2000,USA,N
2010,2000.09.12,2000,USA,N
1997,2000.10.18,2000,USA,N
2008,2000.09.16.a,2000,USA,N
2003,2000.09.29,2000,USA,N
2002,2000.10.02,2000,USA,N
2001,2000.10.06.a,2000,USA,N
2000,2000.10.06.b,2000,USA,N
1999,2000.10.09,2000,USA,N
1998,2000.10.14,2000,USA,N
1996,2000.10.20,2000,USA,N
1994,2000.11.04,2000,USA,N
1990,2000.11.18,2000,USA,N
2009,2000.09.15,2000,USA,N
2028,2000.07.25,2000,USA,N
2024,2000.08.12,2000,USA,N
2030,2000.07.17,2000,USA,N
2029,2000.07.22,2000,USA,N
2078,2000.00.00,2000,USA,N
2071,2000.02.21,2000,USA,N
2070,2000.03.00,2000,USA,N
2063,2000.03.24,2000,USA,N
2062,2000.03.26,2000,USA,N
2059,2000.04.09,2000,USA,N
2058,2000.04.14,2000,USA,N
2052,2000.06.02,2000,USA,N
2051,2000.06.09.a,2000,USA,N
2050,2000.06.09.b,2000,USA,N
2060,2000.03.31,2000,USA,N
2048,2000.06.13,2000,USA,N
2049,2000.06.10,2000,USA,N
2031,2000.07.16.b,2000,USA,N
2036,2000.07.10,2000,USA,N
2037,2000.07.09,2000,USA,N
2039,2000.07.06,2000,USA,N
2038,2000.07.07,2000,USA,N
2041,2000.07.04.a,2000,USA,N
2042,2000.07.02.b,2000,USA,N
2043,2000.07.02.a,2000,USA,N
2047,2000.06.19,2000,USA,N
2040,2000.07.04.b,2000,USA,N
1914,2001.08.26,2001,USA,N
1917,2001.08.21,2001,USA,N
1915,2001.08.25,2001,USA,N
1916,2001.08.22,2001,USA,N
1918,2001.08.19.c,2001,USA,N
1926,2001.08.05,2001,USA,N
1920,2001.08.19.a,2001,USA,N
1921,2001.08.18.c,2001,USA,N
1922,2001.08.18.b,2001,USA,N
1923,2001.08.18.a,2001,USA,N
1913,2001.08.27,2001,USA,N
1919,2001.08.19.b,2001,USA,N
1912,2001.08.29,2001,USA,N
1898,2001.09.24,2001,USA,N
1909,2001.09.02,2001,USA,N
1908,2001.09.03.a,2001,USA,N
1907,2001.09.03.b,2001,USA,Y
1906,2001.09.07.a,2001,USA,N
1905,2001.09.07.b,2001,USA,N
1904,2001.09.08,2001,USA,N
1902,2001.09.15.a,2001,USA,N
1901,2001.09.15.b,2001,USA,N
1900,2001.09.16,2001,USA,Y
1899,2001.09.18,2001,USA,N
1929,2001.07.26,2001,USA,N
1892,2001.11.14,2001,USA,N
1910,2001.09.01,2001,USA,Y
1930,2001.07.25,2001,USA,N
1931,2001.07.24,2001,USA,N
1932,2001.07.21,2001,USA,N
1980,2001.01.09,2001,USA,N
1970,2001.03.09,2001,USA,N
1966,2001.04.05,2001,USA,N
1963,2001.04.10,2001,USA,N
1962,2001.04.11.a,2001,USA,N
1961,2001.04.11.c,2001,USA,N
1960,2001.04.11.d,2001,USA,N
1959,2001.04.12.a,2001,USA,N
1958,2001.04.12.b,2001,USA,N
1957,2001.04.12.c,2001,USA,N
1956,2001.04.12.d,2001,USA,N
1955,2001.04.12.e,2001,USA,N
1954,2001.04.13.a,2001,USA,N
1969,2001.03.23,2001,USA,N
1952,2001.04.28,2001,USA,N
1933,2001.07.15.b,2001,USA,N
1953,2001.04.13.b,2001,USA,N
1936,2001.07.06.a,2001,USA,N
1937,2001.07.03,2001,USA,N
1938,2001.07.00,2001,USA,N
1939,2001.06.12,2001,USA,N
1934,2001.07.15.a,2001,USA,N
1942,2001.06.03,2001,USA,N
1943,2001.05.29,2001,USA,N
1944,2001.05.23 ,2001,USA,N
1950,2001.05.03,2001,USA,N
1945,2001.05.20,2001,USA,N
1940,2001.06.10,2001,USA,N
1826,2002.09.21.b,2002,USA,N
1827,2002.09.21.a,2002,USA,N
1829,2002.09.16.a,2002,USA,N
1832,2002.09.05,2002,USA,N
1833,2002.08.28,2002,USA,N
1834,2002.08.17,2002,USA,N
1835,2002.08.14,2002,USA,N
1824,2002.09.27.b,2002,USA,N
1836,2002.08.11,2002,USA,N
1831,2002.09.09,2002,USA,N
1823,2002.09.27.c,2002,USA,N
1817,2002.10.11,2002,USA,N
1821,2002.09.30,2002,USA,N
1820,2002.10.03,2002,USA,N
1819,2002.10.05.a,2002,USA,N
1818,2002.10.05.b,2002,USA,N
1815,2002.10.30,2002,USA,N
1813,2002.11.02,2002,USA,N
1812,2002.11.11,2002,USA,N
1810,2002.11.17,2002,USA,N
1809,2002.11.28.a,2002,USA,N
1837,2002.08.07,2002,USA,N
1822,2002.09.29,2002,USA,N
1839,2002.08.05,2002,USA,N
1867,2002.04.20,2002,USA,N
1841,2002.07.20,2002,USA,N
1840,2002.07.26,2002,USA,N
1889,2002.01.01.a,2002,USA,N
1878,2002.03.15.a,2002,USA,N
1877,2002.03.15.b,2002,USA,N
1876,2002.03.19,2002,USA,N
1874,2002.03.25.a,2002,USA,N
1872,2002.04.01,2002,USA,N
1871,2002.04.02,2002,USA,N
1868,2002.04.18,2002,USA,N
1862,2002.05.13,2002,USA,N
1859,2002.05.22.a,2002,USA,N
1873,2002.03.25.b,2002,USA,N
1857,2002.05.31.a,2002,USA,N
1856,2002.05.31.b,2002,USA,N
1854,2002.06.09.a,2002,USA,N
1853,2002.06.09.b,2002,USA,N
1842,2002.07.10,2002,USA,N
1852,2002.06.11.a,2002,USA,N
1851,2002.06.11.b,2002,USA,N
1847,2002.06.20.a,2002,USA,N
1845,2002.07.04,2002,USA,N
1843,2002.07.09.b,2002,USA,Y
1858,2002.05.22.b,2002,USA,N
1740,2003.09.19,2003,USA,N
1741,2003.09.17,2003,USA,N
1742,2003.09.14.c,2003,USA,N
1745,2003.09.13.b,2003,USA,N
1754,2003.07.20,2003,USA,N
1748,2003.09.00,2003,USA,N
1749,2003.08.29,2003,USA,N
1750,2003.08.19,2003,USA,Y
1739,2003.09.21,2003,USA,N
1746,2003.09.13.a,2003,USA,N
1738,2003.09.28,2003,USA,N
1720,2003.11.12.a,2003,USA,N
1735,2003.10.05.b,2003,USA,N
1734,2003.10.05.c,2003,USA,N
1733,2003.10.05.d,2003,USA,N
1732,2003.10.05.e,2003,USA,N
1731,2003.10.06,2003,USA,Y
1730,2003.10.14,2003,USA,N
1728,2003.10.27,2003,USA,N
1727,2003.10.31.a,2003,USA,N
1725,2003.10.31.c,2003,USA,N
1755,2003.07.15,2003,USA,N
1718,2003.11.22,2003,USA,N
1736,2003.10.05.a,2003,USA,N
1757,2003.07.05.b,2003,USA,N
1774,2003.05.10,2003,USA,N
1760,2003.07.00.c,2003,USA,N
1796,2003.02.15.a,2003,USA,N
1793,2003.03.10,2003,USA,N
1792,2003.04.04,2003,USA,N
1791,2003.04.09,2003,USA,N
1789,2003.04.15,2003,USA,N
1788,2003.04.18,2003,USA,N
1787,2003.04.19,2003,USA,N
1786,2003.04.20.a,2003,USA,N
1785,2003.04.20.b,2003,USA,N
1784,2003.04.20.c,2003,USA,N
1783,2003.04.21.a,2003,USA,N
1782,2003.04.21.b,2003,USA,N
1776,2003.05.03,2003,USA,N
1775,2003.05.07,2003,USA,N
1773,2003.05.14,2003,USA,N
1772,2003.05.25,2003,USA,N
1770,2003.06.08,2003,USA,N
1769,2003.06.19,2003,USA,N
1768,2003.06.22,2003,USA,N
1767,2003.06.24.a,2003,USA,N
1766,2003.06.24.b,2003,USA,N
1764,2003.06.26,2003,USA,N
1763,2003.06.30,2003,USA,N
1758,2003.07.05.a,2003,USA,N
1712,2003.12.13.b,2003,USA,N
1691,2004.03.16,2004,USA,N
1688,2004.03.27.a,2004,USA,N
1689,2004.03.24,2004,USA,N
1624,2004.11.11.b,2004,USA,N
1631,2004.10.10,2004,USA,N
1632,2004.10.09.b,2004,USA,N
1636,2004.10.01,2004,USA,N
1638,2004.09.20,2004,USA,N
1641,2004.09.04,2004,USA,N
1642,2004.08.29,2004,USA,N
1644,2004.08.20,2004,USA,N
1645,2004.08.15,2004,USA,Y
1646,2004.08.06,2004,USA,N
1649,2004.07.31,2004,USA,N
1651,2004.07.28,2004,USA,N
1652,2004.07.27.b,2004,USA,N
1635,2004.10.02,2004,USA,N
1654,2004.07.25,2004,USA,N
1653,2004.07.27.a,2004,USA,N
1686,2004.03.28,2004,USA,N
1684,2004.03.31.a,2004,USA,N
1680,2004.04.07,2004,USA,Y
1674,2004.05.04,2004,USA,N
1671,2004.05.22.b,2004,USA,N
1683,2004.03.31.b,2004,USA,N
1668,2004.05.28,2004,USA,N
1666,2004.05.29,2004,USA,N
1664,2004.06.10.a,2004,USA,N
1662,2004.06.14,2004,USA,N
1660,2004.06.26.b,2004,USA,N
1669,2004.05.23.a,2004,USA,N
1659,2004.07.02.a,2004,USA,N
1538,2005.10.15,2005,USA,N
1539,2005.10.13,2005,USA,N
1541,2005.10.06,2005,USA,N
1548,2005.09.20,2005,USA,N
1551,2005.09.05,2005,USA,N
1553,2005.09.02.b,2005,USA,N
1537,2005.10.19,2005,USA,N
1556,2005.08.24.a,2005,USA,N
1549,2005.09.11,2005,USA,Y
1536,2005.10.21,2005,USA,N
1521,2005.11.27,2005,USA,N
1532,2005.11.02.a,2005,USA,N
1531,2005.11.02.b,2005,USA,N
1530,2005.11.12,2005,USA,N
1527,2005.11.20,2005,USA,N
1526,2005.11.21,2005,USA,N
1520,2005.11.29.R,2005,USA,N
1516,2005.12.21,2005,USA,N
1515,2005.12.24,2005,USA,N
1558,2005.08.21,2005,USA,N
1533,2005.10.29,2005,USA,N
1559,2005.08.19,2005,USA,N
1565,2005.07.23,2005,USA,N
1562,2005.08.06,2005,USA,N
1561,2005.08.12,2005,USA,N
1612,2005.02.13,2005,USA,N
1611,2005.02.16,2005,USA,N
1610,2005.02.22,2005,USA,N
1605,2005.03.12,2005,USA,N
1599,2005.04.06,2005,USA,N
1598,2005.04.07,2005,USA,N
1591,2005.05.02,2005,USA,N
1590,2005.05.02.R,2005,USA,N
1588,2005.05.14,2005,USA,N
1585,2005.05.27,2005,USA,N
1596,2005.04.13,2005,USA,N
1583,2005.06.02,2005,USA,N
1584,2005.05.28,2005,USA,N
1570,2005.07.15,2005,USA,N
1571,2005.07.13,2005,USA,N
1572,2005.07.01,2005,USA,N
1564,2005.07.27,2005,USA,N
1574,2005.06.25,2005,USA,Y
1578,2005.06.16,2005,USA,N
1580,2005.06.07,2005,USA,N
1573,2005.06.27,2005,USA,N
1436,2006.09.02,2006,USA,N
1459,2006.07.12,2006,USA,N
1457,2006.07.17,2006,USA,N
1455,2006.07.23,2006,USA,N
1454,2006.07.25,2006,USA,N
1451,2006.07.29.b,2006,USA,N
1450,2006.07.31.a,2006,USA,N
1449,2006.07.31.R,2006,USA,N
1447,2006.08.00.b,2006,USA,N
1438,2006.08.29.b,2006,USA,N
1435,2006.09.03.a,2006,USA,N
1414,2006.12.10,2006,USA,N
1431,2006.09.14,2006,USA,N
1430,2006.09.16,2006,USA,N
1429,2006.09.18.R,2006,USA,N
1428,2006.09.29,2006,USA,N
1424,2006.10.05,2006,USA,N
1423,2006.10.07,2006,USA,N
1422,2006.10.10,2006,USA,N
1421,2006.10.16,2006,USA,N
1420,2006.10.31,2006,USA,N
1418,2006.11.11,2006,USA,N
1461,2006.07.09.b,2006,USA,N
1432,2006.09.11,2006,USA,N
1462,2006.07.09.a,2006,USA,N
1452,2006.07.29.a,2006,USA,N
1464,2006.07.08.a,2006,USA,N
1463,2006.07.08.b,2006,USA,N
1509,2006.01.18,2006,USA,N
1505,2006.02.01.a,2006,USA,N
1498,2006.02.27,2006,USA,N
1494,2006.03.23,2006,USA,N
1492,2006.04.03,2006,USA,N
1487,2006.04.19,2006,USA,N
1486,2006.04.21,2006,USA,N
1483,2006.05.04,2006,USA,N
1482,2006.05.10,2006,USA,N
1481,2006.05.19,2006,USA,N
1479,2006.05.24,2006,USA,N
1488,2006.04.13,2006,USA,N
1477,2006.05.28,2006,USA,N
1465,2006.06.30.b,2006,USA,N
1478,2006.05.27,2006,USA,N
1466,2006.06.30.a,2006,USA,N
1467,2006.06.27,2006,USA,N
1513,2006.01.04,2006,USA,N
1468,2006.06.26,2006,USA,N
1472,2006.06.17,2006,USA,N
1473,2006.06.15,2006,USA,N
1474,2006.06.07,2006,USA,N
1476,2006.05.31,2006,USA,N
1470,2006.06.20,2006,USA,N
1337,2007.09.03.a,2007,USA,N
1341,2007.08.25,2007,USA,N
1338,2007.08.28.b,2007,USA,N
1339,2007.08.28.a,2007,USA,N
1340,2007.08.26,2007,USA,N
1342,2007.08.22,2007,USA,N
1347,2007.08.15,2007,USA,N
1344,2007.08.19.c,2007,USA,N
1345,2007.08.19.b,2007,USA,N
1346,2007.08.19.a.,2007,USA,N
1348,2007.08.12,2007,USA,N
1336,2007.09.03.b,2007,USA,N
1343,2007.08.20,2007,USA,N
1335,2007.09.04,2007,USA,N
1312,2007.11.04,2007,USA,N
1333,2007.09.08,2007,USA,N
1332,2007.09.13,2007,USA,N
1331,2007.09.16.a,2007,USA,N
1330,2007.09.16.b,2007,USA,N
1328,2007.09.20,2007,USA,N
1327,2007.09.22.a,2007,USA,N
1324,2007.09.27.b,2007,USA,N
1320,2007.09.30.c,2007,USA,N
1319,2007.10.06,2007,USA,N
1318,2007.10.07,2007,USA,N
1315,2007.10.29,2007,USA,N
1311,2007.11.06,2007,USA,N
1305,2007.12.10,2007,USA,N
1334,2007.09.05,2007,USA,N
1350,2007.08.09.b,2007,USA,N
1349,2007.08.11,2007,USA,N
1352,2007.08.07,2007,USA,N
1411,2007.01.05,2007,USA,N
1351,2007.08.09.a,2007,USA,N
1399,2007.03.11,2007,USA,N
1397,2007.03.14.R,2007,USA,N
1395,2007.03.21,2007,USA,N
1393,2007.03.31.a,2007,USA,N
1392,2007.03.31.b,2007,USA,N
1391,2007.04.01,2007,USA,N
1389,2007.04.13.R,2007,USA,N
1388,2007.04.20,2007,USA,N
1387,2007.04.22,2007,USA,N
1383,2007.05.07.a,2007,USA,N
1382,2007.05.07.b,2007,USA,N
1379,2007.05.10,2007,USA,N
1405,2007.01.25.a,2007,USA,N
1374,2007.05.26,2007,USA,N
1375,2007.05.24,2007,USA,N
1354,2007.07.28,2007,USA,N
1355,2007.07.22,2007,USA,N
1356,2007.07.21,2007,USA,N
1357,2007.07.19.b,2007,USA,N
1359,2007.07.18.b,2007,USA,N
1353,2007.07.29,2007,USA,N
1364,2007.07.05,2007,USA,N
1367,2007.06.30.b,2007,USA,N
1368,2007.06.30.a,2007,USA,N
1369,2007.06.25,2007,USA,N
1370,2007.06.24,2007,USA,N
1362,2007.07.17.a,2007,USA,N
1372,2007.06.12,2007,USA,N
1220,2008.08.16,2008,USA,N
1221,2008.08.12,2008,USA,N
1222,2008.08.11,2008,USA,N
1227,2008.07.26.a,2008,USA,N
1230,2008.07.24.b,2008,USA,N
1229,2008.07.25.a,2008,USA,N
1231,2008.07.24.a,2008,USA,N
1232,2008.07.23,2008,USA,N
1233,2008.07.19,2008,USA,N
1218,2008.08.20,2008,USA,N
1228,2008.07.25.b,2008,USA,N
1216,2008.08.24,2008,USA,N
1204,2008.09.09,2008,USA,N
1214,2008.08.28,2008,USA,N
1210,2008.09.00,2008,USA,N
1209,2008.09.01,2008,USA,N
1208,2008.09.06.a,2008,USA,N
1207,2008.09.06.b,2008,USA,N
1205,2008.09.08,2008,USA,N
1203,2008.09.14,2008,USA,N
1201,2008.09.28.a,2008,USA,N
1200,2008.09.28.b,2008,USA,N
1198,2008.10.08,2008,USA,N
1183,2008.12.20,2008,USA,N
1236,2008.07.11,2008,USA,N
1215,2008.08.27,2008,USA,N
1237,2008.07.09,2008,USA,N
1282,2008.03.28.a,2008,USA,N
1244,2008.06.26.b,2008,USA,N
1238,2008.07.05,2008,USA,N
1297,2008.01.10,2008,USA,N
1291,2008.02.06,2008,USA,N
1289,2008.02.15,2008,USA,N
1285,2008.03.15,2008,USA,N
1284,2008.03.21,2008,USA,N
1283,2008.03.23,2008,USA,N
1298,2008.00.00.b,2008,USA,N
1281,2008.03.28.b,2008,USA,N
1279,2008.04.03,2008,USA,N
1277,2008.04.08.R,2008,USA,N
1276,2008.03.25,2008,USA,N
1286,2008.03.07,2008,USA,N
1269,2008.04.20.b,2008,USA,N
1274,2008.04.15,2008,USA,N
1245,2008.06.26.a,2008,USA,N
1247,2008.06.21,2008,USA,N
1250,2008.06.07,2008,USA,N
1252,2008.06.01.b,2008,USA,N
1248,2008.06.20,2008,USA,N
1261,2008.05.07.a,2008,USA,N
1264,2008.04.28.a,2008,USA,N
1265,2008.04.27,2008,USA,N
1267,2008.04.26.a,2008,USA,N
1268,2008.04.25,2008,USA,Y
1254,2008.05.26,2008,USA,N
1100,2009.08.06,2009,USA,N
1085,2009.10.09,2009,USA,N
1099,2009.08.10,2009,USA,N
1097,2009.08.25,2009,USA,N
1095,2009.08.30,2009,USA,N
1091,2009.09.12,2009,USA,Y
1087,2009.09.26,2009,USA,N
1081,2009.10.19,2009,USA,N
1071,2009.11.16.b,2009,USA,N
1076,2009.11.05,2009,USA,N
1074,2009.11.11,2009,USA,N
1073,2009.11.13,2009,USA,N
1072,2009.11.16.a,2009,USA,N
1070,2009.11.24,2009,USA,N
1068,2009.12.06,2009,USA,N
1101,2009.08.01,2009,USA,N
1080,2009.10.24,2009,USA,N
1106,2009.07.24.b,2009,USA,N
1115,2009.07.04,2009,USA,N
1109,2009.07.22.a,2009,USA,N
1158,2009.02.08,2009,USA,Y
1108,2009.07.22.b,2009,USA,N
1148,2009.03.17,2009,USA,N
1146,2009.03.18.a,2009,USA,N
1140,2009.04.03,2009,USA,N
1139,2009.04.06.a,2009,USA,N
1134,2009.04.19,2009,USA,N
1132,2009.04.21,2009,USA,N
1135,2009.04.17.,2009,USA,N
1130,2009.04.28,2009,USA,N
1127,2009.05.16.a,2009,USA,N
1126,2009.05.16.b,2009,USA,N
1125,2009.05.17,2009,USA,N
1124,2009.05.25,2009,USA,N
1114,2009.07.05,2009,USA,N
1112,2009.07.11.a,2009,USA,N
1131,2009.04.25.R,2009,USA,N
991,2010.09.03.b,2010,USA,N
1005,2010.08.02.a,2010,USA,N
1004,2010.08.02.b,2010,USA,N
1001,2010.08.07.b,2010,USA,N
997,2010.08.14,2010,USA,N
992,2010.09.03.a,2010,USA,N
990,2010.09.04,2010,USA,N
957,2010.12.26,2010,USA,N
985,2010.09.24,2010,USA,N
984,2010.09.27,2010,USA,N
978,2010.10.22,2010,USA,Y
976,2010.10.23.b,2010,USA,N
974,2010.10.28,2010,USA,N
968,2010.11.19,2010,USA,N
959,2010.12.11,2010,USA,N
1006,2010.07.25,2010,USA,N
988,2010.09.07,2010,USA,N
1007,2010.07.23,2010,USA,N
995,2010.08.18,2010,USA,N
1009,2010.07.17.b,2010,USA,N
1008,2010.07.19,2010,USA,N
1056,2010.01.06,2010,USA,N
1045,2010.02.03,2010,USA,Y
1043,2010.02.06.a,2010,USA,N
1032,2010.04.19,2010,USA,N
1030,2010.05.01,2010,USA,N
1025,2010.05.30,2010,USA,N
1024,2010.06.00,2010,USA,N
1022,2010.06.10,2010,USA,N
1031,2010.04.28,2010,USA,N
1019,2010.06.25.b,2010,USA,N
1018,2010.06.27,2010,USA,N
1017,2010.07.02.a,2010,USA,N
1016,2010.07.02.b,2010,USA,N
1015,2010.07.03,2010,USA,N
1013,2010.07.11,2010,USA,N
1012,2010.07.16.a,2010,USA,N
1020,2010.06.25.a,2010,USA,N
1010,2010.07.17.a,2010,USA,N
864,2011.09.20,2011,USA,N
867,2011.09.16,2011,USA,N
868,2011.09.11.b,2011,USA,N
877,2011.08.24.b,2011,USA,N
873,2011.08.31,2011,USA,N
875,2011.08.28.a,2011,USA,N
863,2011.09.24.a,2011,USA,N
870,2011.09.04.b,2011,USA,N
862,2011.09.24.b,2011,USA,N
832,2011.12.23,2011,USA,N
857,2011.10.02,2011,USA,N
854,2011.10.10,2011,USA,N
853,2011.10.11,2011,USA,N
851,2011.10.20,2011,USA,N
847,2011.10.29.,2011,USA,N
843,2011.11.22,2011,USA,N
838,2011.12.06,2011,USA,N
833,2011.12.21.b,2011,USA,N
878,2011.08.24.a,2011,USA,N
829,2011.12.31,2011,USA,N
858,2011.10.01,2011,USA,N
881,2011.08.17.c.,2011,USA,N
872,2011.09.02,2011,USA,N
887,2011.08.15,2011,USA,N
885,2011.08.16.b,2011,USA,N
934,2011.03.29.R,2011,USA,N
930,2011.04.22,2011,USA,N
928,2011.04.26,2011,USA,N
924,2011.05.13.a,2011,USA,N
922,2011.05.13.b,2011,USA,N
920,2011.05.22,2011,USA,N
919,2011.05.25,2011,USA,N
917,2011.05.30,2011,USA,N
915,2011.06.06.a,2011,USA,N
925,2011.05.10,2011,USA,N
912,2011.06.12,2011,USA,N
888,2011.08.11,2011,USA,N
914,2011.06.06.b,2011,USA,N
892,2011.07.25,2011,USA,N
896,2011.07.13.b,2011,USA,N
894,2011.07.19,2011,USA,N
899,2011.07.07.a,2011,USA,N
905,2011.06.26,2011,USA,N
906,2011.06.24,2011,USA,N
907,2011.06.21,2011,USA,N
898,2011.07.07.b,2011,USA,N
740,2012.09.09,2012,USA,N
744,2012.09.06.a,2012,USA,N
741,2012.09.08.b,2012,USA,N
742,2012.09.08.a,2012,USA,N
743,2012.09.06.b,2012,USA,N
745,2012.09.04,2012,USA,N
752,2012.08.15,2012,USA,N
747,2012.09.02.bx,2012,USA,N
748,2012.09.02.a,2012,USA,N
754,2012.08.09,2012,USA,N
757,2012.07.31.b,2012,USA,N
738,2012.09.16,2012,USA,N
746,2012.09.02.b,2012,USA,N
737,2012.09.24,2012,USA,N
723,2012.11.19,2012,USA,N
734,2012.10.07,2012,USA,N
731,2012.10.18.a,2012,USA,N
730,2012.10.18.b,2012,USA,N
729,2012.10.19,2012,USA,N
728,2012.10.23,2012,USA,Y
727,2012.10.27,2012,USA,N
726,2012.10.30,2012,USA,N
725,2012.11.04.a,2012,USA,N
724,2012.11.04.b,2012,USA,N
759,2012.07.30.b,2012,USA,N
720,2012.11.30,2012,USA,N
717,2012.12.05,2012,USA,N
712,2012.12.31,2012,USA,N
736,2012.09.25,2012,USA,N
760,2012.07.30.a,2012,USA,N
813,2012.03.04,2012,USA,N
769,2012.07.07.a,2012,USA,N
766,2012.07.08,2012,USA,N
820,2012.01.27,2012,USA,N
816,2012.02.26,2012,USA,N
809,2012.03.14.a,2012,USA,N
808,2012.03.14.b,2012,USA,N
807,2012.03.15,2012,USA,N
804,2012.03.24,2012,USA,N
802,2012.04.00,2012,USA,N
801,2012.04.03,2012,USA,N
798,2012.04.19.b,2012,USA,N
797,2012.05.06,2012,USA,N
796,2012.05.09,2012,USA,N
795,2012.05.12,2012,USA,N
793,2012.05.20,2012,USA,N
826,2012.01.13,2012,USA,N
790,2012.05.31,2012,USA,N
772,2012.06.26.c,2012,USA,N
773,2012.06.26.b,2012,USA,N
774,2012.06.26.a,2012,USA,N
776,2012.06.22.a,2012,USA,N
792,2012.05.23,2012,USA,N
780,2012.06.15,2012,USA,N
779,2012.06.18,2012,USA,N
782,2012.06.14.c,2012,USA,N
783,2012.06.14.b,2012,USA,N
784,2012.06.14.a,2012,USA,N
788,2012.06.02.b,2012,USA,N
789,2012.06.02.a,2012,USA,N
781,2012.06.14.d,2012,USA,N
620,2013.09.21.b,2013,USA,N
621,2013.09.21.a,2013,USA,N
622,2013.09.14,2013,USA,N
623,2013.09.12,2013,USA,N
632,2013.08.31.a,2013,USA,N
626,2013.09.07.a,2013,USA,N
627,2013.09.02,2013,USA,N
628,2013.09.01.c,2013,USA,N
630,2013.09.01.a,2013,USA,N
619,2013.09.25,2013,USA,N
625,2013.09.07.b,2013,USA,N
617,2013.09.29.b,2013,USA,N
604,2013.11.07.a,2013,USA,N
615,2013.10.05,2013,USA,N
612,2013.10.19,2013,USA,N
611,2013.10.20,2013,USA,N
610,2013.10.23,2013,USA,N
605,2013.10.31,2013,USA,N
603,2013.11.07.b,2013,USA,N
600,2013.11.22,2013,USA,N
598,2013.11.29,2013,USA,N
596,2013.12.02,2013,USA,Y
594,2013.12.10,2013,USA,N
593,2013.12.11,2013,USA,N
635,2013.08.25.b,2013,USA,N
616,2013.10.05x,2013,USA,N
637,2013.08.18,2013,USA,N
638,2013.08.17,2013,USA,N
682,2013.04.17,2013,USA,N
639,2013.08.14,2013,USA,Y
709,2013.01.16,2013,USA,N
703,2013.02.10,2013,USA,N
702,2013.02.21.a,2013,USA,N
701,2013.02.21.b,2013,USA,N
689,2013.04.02.a,2013,USA,N
687,2013.04.04,2013,USA,N
684,2013.04.13.b,2013,USA,N
678,2013.05.04.a,2013,USA,N
672,2013.05.27.a,2013,USA,N
671,2013.05.27.b,2013,USA,N
668,2013.06.14.R,2013,USA,N
667,2013.06.15,2013,USA,N
669,2013.06.06.b,2013,USA,N
664,2013.06.18,2013,USA,N
640,2013.08.13,2013,USA,N
641,2013.08.11,2013,USA,N
643,2013.08.05,2013,USA,N
644,2013.07.31,2013,USA,N
645,2013.07.30,2013,USA,N
665,2013.06.17,2013,USA,N
652,2013.07.19,2013,USA,N
648,2013.07.29.a,2013,USA,N
656,2013.07.11,2013,USA,N
661,2013.06.25.c,2013,USA,N
662,2013.06.25.b,2013,USA,N
663,2013.06.25.a,2013,USA,N
653,2013.07.17.R,2013,USA,N
495,2014.10.02.b,2014,USA,N
503,2014.09.02,2014,USA,N
497,2014.09.21,2014,USA,N
501,2014.09.06,2014,USA,N
502,2014.09.03,2014,USA,N
505,2014.08.31,2014,USA,N
515,2014.08.12,2014,USA,N
508,2014.08.28,2014,USA,N
510,2014.08.27.b,2014,USA,N
511,2014.08.27.a,2014,USA,N
512,2014.08.25,2014,USA,N
513,2014.08.24,2014,USA,N
494,2014.10.03.a,2014,USA,N
506,2014.08.29.b,2014,USA,N
493,2014.10.03.b,2014,USA,N
467,2014.12.28.b,2014,USA,N
491,2014.10.07,2014,USA,N
490,2014.10.05.b,2014,USA,N
488,2014.10.12,2014,USA,N
487,2014.10.14,2014,USA,N
485,2014.10.18,2014,USA,N
484,2014.10.19,2014,USA,N
483,2014.10.20,2014,USA,N
482,2014.10.22,2014,USA,N
480,2014.10.31,2014,USA,N
479,2014.11.08,2014,USA,N
477,2014.11.13,2014,USA,N
476,2014.11.16,2014,USA,N
475,2014.11.17,2014,USA,N
492,2014.10.05.a,2014,USA,N
516,2014.08.10,2014,USA,N
568,2014.04.04.a,2014,USA,N
519,2014.08.08,2014,USA,N
588,2014.00.00.b,2014,USA,N
518,2014.08.09,2014,USA,N
579,2014.03.02,2014,USA,N
573,2014.03.21,2014,USA,N
572,2014.03.22.a,2014,USA,N
567,2014.04.04.b,2014,USA,N
564,2014.04.15,2014,USA,N
563,2014.04.22,2014,USA,N
559,2014.05.06,2014,USA,N
557,2014.05.11,2014,USA,N
556,2014.05.13,2014,USA,N
554,2014.05.15,2014,USA,N
550,2014.06.01.a,2014,USA,N
548,2014.06.01.c,2014,USA,N
561,2014.05.01,2014,USA,N
544,2014.06.09.b,2014,USA,N
521,2014.08.05,2014,USA,N
547,2014.06.07,2014,USA,N
522,2014.08.02,2014,USA,N
523,2014.08.02x,2014,USA,N
526,2014.07.27,2014,USA,N
520,2014.08.06,2014,USA,N
530,2014.07.16,2014,USA,N
528,2014.07.21,2014,USA,N
533,2014.07.12,2014,USA,N
534,2014.07.09,2014,USA,N
535,2014.07.05.b,2014,USA,N
536,2014.07.05.a,2014,USA,N
537,2014.07.03,2014,USA,N
531,2014.07.14,2014,USA,N
357,2015.09.20.d,2015,USA,N
358,2015.09.20.c,2015,USA,N
359,2015.09.20.b,2015,USA,N
360,2015.09.20.a,2015,USA,N
361,2015.09.19,2015,USA,N
371,2015.08.29.b,2015,USA,N
363,2015.09.17,2015,USA,N
365,2015.09.06,2015,USA,N
366,2015.09.05,2015,USA,N
368,2015.09.03,2015,USA,N
372,2015.08.29.a,2015,USA,N
356,2015.09.24,2015,USA,N
362,2015.09.18,2015,USA,N
354,2015.09.29,2015,USA,N
330,2015.11.16,2015,USA,N
352,2015.10.05.a,2015,USA,N
375,2015.08.20,2015,USA,N
322,2015.12.22,2015,USA,N
331,2015.11.15.b,2015,USA,N
332,2015.11.15.a,2015,USA,N
335,2015.11.03,2015,USA,N
336,2015.11.01.b,2015,USA,N
353,2015.10.04,2015,USA,N
339,2015.10.28.a,2015,USA,N
342,2015.10.19,2015,USA,N
345,2015.10.17.a,2015,USA,N
346,2015.10.13,2015,USA,N
347,2015.10.09.b,2015,USA,N
348,2015.10.09.a,2015,USA,N
351,2015.10.05.b,2015,USA,N
341,2015.10.21,2015,USA,N
376,2015.08.19,2015,USA,N
407,2015.06.24.b,2015,USA,N
379,2015.08.10,2015,USA,N
377,2015.08.18.b,2015,USA,N
462,2015.01.01,2015,USA,N
452,2015.01.27,2015,USA,N
441,2015.03.18,2015,USA,N
436,2015.04.03,2015,USA,N
433,2015.04.13,2015,USA,N
430,2015.04.26,2015,USA,N
429,2015.04.29,2015,USA,Y
426,2015.05.07,2015,USA,N
424,2015.05.15,2015,USA,N
423,2015.05.20,2015,USA,N
422,2015.05.24,2015,USA,N
420,2015.05.29.a,2015,USA,N
419,2015.05.29.b,2015,USA,N
417,2015.06.05,2015,USA,N
455,2015.01.19.b,2015,USA,N
415,2015.06.11,2015,USA,N
383,2015.07.26.b,2015,USA,N
416,2015.06.07,2015,USA,N
390,2015.07-10,2015,USA,N
394,2015.07.04.a,2015,USA,N
397,2015.07.01,2015,USA,N
399,2015.06.30.a,2015,USA,N
400,2015.06.27.b,2015,USA,N
386,2015.07.23.b,2015,USA,N
406,2015.06.25,2015,USA,N
409,2015.06.23,2015,USA,N
411,2015.06.17,2015,USA,N
412,2015.06.14.b,2015,USA,N
414,2015.06.13,2015,USA,N
404,2015.06.26.a,2015,USA,N
413,2015.06.14.a,2015,USA,N
224,2016.09.04,2016,USA,N
225,2016.09.01,2016,USA,N
227,2016.08.29.b,2016,USA,N
228,2016.08.29.a,2016,USA,N
233,2016.08.04,2016,USA,N
232,2016.08.06,2016,USA,N
237,2016.07.27,2016,USA,N
243,2016.07.17,2016,USA,N
244,2016.07.16.b,2016,USA,N
222,2016.09.05.b,2016,USA,N
245,2016.07.16.a,2016,USA,N
230,2016.08.25,2016,USA,N
220,2016.09.07,2016,USA,N
208,2016.10.10,2016,USA,N
215,2016.09.17.b,2016,USA,N
213,2016.09.18.b,2016,USA,N
212,2016.09.18.c,2016,USA,N
210,2016.10.01,2016,USA,N
209,2016.10.02,2016,USA,N
205,2016.10.14,2016,USA,N
203,2016.10.21,2016,USA,N
201,2016.10.29,2016,USA,N
200,2016.10.30,2016,USA,N
199,2016.11.14,2016,USA,N
190,2016.12.27,2016,USA,N
246,2016.07.15.b,2016,USA,N
219,2016.09.11,2016,USA,N
247,2016.07.15.a,2016,USA,N
214,2016.09.18.a,2016,USA,N
251,2016.07.07.b,2016,USA,N
250,2016.07.08,2016,USA,N
314,2016.01.24.b,2016,USA,N
313,2016.01.25,2016,USA,N
312,2016.01.28,2016,USA,N
300,2016.03.04,2016,USA,N
298,2016.03.11,2016,USA,N
292,2016.03.31,2016,USA,N
290,2016.04.07.b,2016,USA,N
287,2016.04.13,2016,USA,N
282,2016.04.23,2016,USA,N
279,2016.05.03,2016,USA,N
278,2016.05.15,2016,USA,N
277,2016.05.18,2016,USA,N
276,2016.05.21.a,2016,USA,N
316,2016.01.23,2016,USA,N
274,2016.05.22,2016,USA,N
275,2016.05.21.b,2016,USA,N
253,2016.07.06,2016,USA,N
255,2016.06.27,2016,USA,N
256,2016.06.25,2016,USA,N
252,2016.07.07.a,2016,USA,N
260,2016.06.21.a,2016,USA,N
259,2016.06.21.b,2016,USA,N
263,2016.06.14,2016,USA,N
264,2016.06.11,2016,USA,N
266,2016.06.05.b,2016,USA,N
272,2016.05.29.b,2016,USA,N
273,2016.05.29.a,2016,USA,N
261,2016.06.15.b,2016,USA,N
94,2017.09.02.b,2017,USA,N
95,2017.09.02.a,2017,USA,N
97,2017.08.27,2017,USA,N
100,2017.08.23,2017,USA,N
112,2017.07.23.b,2017,USA,N
104,2017.08.03,2017,USA,N
105,2017.08.01,2017,USA,N
106,2017.07.31,2017,USA,N
108,2017.07.29.a,2017,USA,N
93,2017.09.02.c,2017,USA,N
102,2017.08.10,2017,USA,N
87,2017.09.13,2017,USA,N
73,2017.10.18,2017,USA,N
81,2017.09.20,2017,USA,N
80,2017.09.24.a,2017,USA,N
77,2017.09.25.b,2017,USA,N
75,2017.10.05,2017,USA,N
74,2017.10.09,2017,USA,N
70,2017.10.23.a,2017,USA,N
69,2017.10.23.b,2017,USA,N
67,2017.10.26,2017,USA,N
61,2017.11.18,2017,USA,N
60,2017.11.24,2017,USA,N
54,2017.12.30,2017,USA,N
53,2017.12.31,2017,USA,N
114,2017.07.22,2017,USA,N
83,2017.09.16.a,2017,USA,N
116,2017.07.20.b,2017,USA,N
140,2017.05.28,2017,USA,N
118,2017.07.14.b,2017,USA,N
188,2017.01.05,2017,USA,N
185,2017.01.13.a,2017,USA,N
182,2017.01.22,2017,USA,N
179,2017.02.01.b,2017,USA,N
176,2017.02.11,2017,USA,N
169,2017.03.18,2017,USA,N
167,2017.03.27,2017,USA,N
166,2017.04.02.a,2017,USA,N
117,2017.07.20.a,2017,USA,N
163,2017.04.06,2017,USA,N
162,2017.04.10.a,2017,USA,N
161,2017.04.10.b,2017,USA,N
160,2017.04.11,2017,USA,N
164,2017.04.05,2017,USA,N
157,2017.04.13,2017,USA,N
120,2017.07.11,2017,USA,N
158,2017.04.12.b,2017,USA,N
126,2017.06.21,2017,USA,N
127,2017.06.19,2017,USA,N
128,2017.06.18.b,2017,USA,N
135,2017.06.10.a,2017,USA,N
121,2017.07.09,2017,USA,N
139,2017.05.30,2017,USA,N
146,2017.04.29.d,2017,USA,N
148,2017.04.29.b,2017,USA,N
154,2017.04.17.b,2017,USA,N
156,2017.04.14,2017,USA,N
137,2017.06.04,2017,USA,N
35,2018.03.31,2018,USA,N
25,2018.04.19,2018,USA,N
12,2018.05.13.b,2018,USA,N
11,2018.05.21,2018,USA,N
9,2018.05.26.a,2018,USA,N
8,2018.05.26.b,2018,USA,N
7,2018.05.27,2018,USA,N
2,2018.06.09,2018,USA,N
1,2018.06.18,2018,USA,N
0,2018.06.25,2018,USA,N
